{
  "train_accuracy": 1.0,
  "test_accuracy": 0.9193548387096774,
  "train_samples": 1981,
  "test_samples": 496,
  "per_class_metrics": {
    "a": {
      "precision": 0.8571428571428571,
      "recall": 0.8571428571428571,
      "f1": 0.8571428571428571,
      "support": 14
    },
    "b": {
      "precision": 1.0,
      "recall": 1.0,
      "f1": 1.0,
      "support": 14
    },
    "c": {
      "precision": 0.875,
      "recall": 1.0,
      "f1": 0.9333333333333333,
      "support": 14
    },
    "d": {
      "precision": 1.0,
      "recall": 1.0,
      "f1": 1.0,
      "support": 14
    },
    "e": {
      "precision": 1.0,
      "recall": 1.0,
      "f1": 1.0,
      "support": 14
    },
    "f": {
      "precision": 1.0,
      "recall": 1.0,
      "f1": 1.0,
      "support": 14
    },
    "g": {
      "precision": 0.8235294117647058,
      "recall": 1.0,
      "f1": 0.9032258064516129,
      "support": 14
    },
    "h": {
      "precision": 1.0,
      "recall": 1.0,
      "f1": 1.0,
      "support": 14
    },
    "i": {
      "precision": 1.0,
      "recall": 0.9285714285714286,
      "f1": 0.9629629629629629,
      "support": 14
    },
    "j": {
      "precision": 1.0,
      "recall": 0.6666666666666666,
      "f1": 0.8,
      "support": 12
    },
    "k": {
      "precision": 1.0,
      "recall": 1.0,
      "f1": 1.0,
      "support": 14
    },
    "l": {
      "precision": 1.0,
      "recall": 1.0,
      "f1": 1.0,
      "support": 14
    },
    "m": {
      "precision": 0.6666666666666666,
      "recall": 0.8333333333333334,
      "f1": 0.7407407407407407,
      "support": 12
    },
    "n": {
      "precision": 0.8666666666666667,
      "recall": 0.9285714285714286,
      "f1": 0.896551724137931,
      "support": 14
    },
    "o": {
      "precision": 0.7222222222222222,
      "recall": 0.9285714285714286,
      "f1": 0.8125,
      "support": 14
    },
    "p": {
      "precision": 0.875,
      "recall": 1.0,
      "f1": 0.9333333333333333,
      "support": 14
    },
    "q": {
      "precision": 0.8571428571428571,
      "recall": 1.0,
      "f1": 0.9230769230769231,
      "support": 12
    },
    "r": {
      "precision": 0.9166666666666666,
      "recall": 0.7857142857142857,
      "f1": 0.8461538461538461,
      "support": 14
    },
    "s": {
      "precision": 0.8333333333333334,
      "recall": 0.7142857142857143,
      "f1": 0.7692307692307693,
      "support": 14
    },
    "t": {
      "precision": 1.0,
      "recall": 0.8461538461538461,
      "f1": 0.9166666666666666,
      "support": 13
    },
    "u": {
      "precision": 0.8,
      "recall": 0.8571428571428571,
      "f1": 0.8275862068965517,
      "support": 14
    },
    "v": {
      "precision": 1.0,
      "recall": 0.9285714285714286,
      "f1": 0.9629629629629629,
      "support": 14
    },
    "w": {
      "precision": 0.8666666666666667,
      "recall": 0.9285714285714286,
      "f1": 0.896551724137931,
      "support": 14
    },
    "x": {
      "precision": 0.9285714285714286,
      "recall": 0.9285714285714286,
      "f1": 0.9285714285714286,
      "support": 14
    },
    "y": {
      "precision": 0.9285714285714286,
      "recall": 0.9285714285714286,
      "f1": 0.9285714285714286,
      "support": 14
    },
    "z": {
      "precision": 1.0,
      "recall": 0.9285714285714286,
      "f1": 0.9629629629629629,
      "support": 14
    },
    "0": {
      "precision": 0.8,
      "recall": 0.5714285714285714,
      "f1": 0.6666666666666666,
      "support": 14
    },
    "1": {
      "precision": 1.0,
      "recall": 1.0,
      "f1": 1.0,
      "support": 14
    },
    "2": {
      "precision": 0.9285714285714286,
      "recall": 0.9285714285714286,
      "f1": 0.9285714285714286,
      "support": 14
    },
    "3": {
      "precision": 1.0,
      "recall": 1.0,
      "f1": 1.0,
      "support": 14
    },
    "4": {
      "precision": 0.8125,
      "recall": 0.9285714285714286,
      "f1": 0.8666666666666667,
      "support": 14
    },
    "5": {
      "precision": 0.9166666666666666,
      "recall": 0.7857142857142857,
      "f1": 0.8461538461538461,
      "support": 14
    },
    "6": {
      "precision": 1.0,
      "recall": 0.8461538461538461,
      "f1": 0.9166666666666666,
      "support": 13
    },
    "7": {
      "precision": 1.0,
      "recall": 1.0,
      "f1": 1.0,
      "support": 14
    },
    "8": {
      "precision": 1.0,
      "recall": 1.0,
      "f1": 1.0,
      "support": 14
    },
    "9": {
      "precision": 1.0,
      "recall": 1.0,
      "f1": 1.0,
      "support": 14
    }
  },
  "top_confusions": [
    {
      "true": "0",
      "predicted": "o",
      "count": 4
    },
    {
      "true": "j",
      "predicted": "m",
      "count": 3
    },
    {
      "true": "r",
      "predicted": "u",
      "count": 3
    },
    {
      "true": "5",
      "predicted": "4",
      "count": 3
    },
    {
      "true": "u",
      "predicted": "g",
      "count": 2
    },
    {
      "true": "0",
      "predicted": "c",
      "count": 2
    },
    {
      "true": "6",
      "predicted": "w",
      "count": 2
    },
    {
      "true": "a",
      "predicted": "p",
      "count": 1
    },
    {
      "true": "a",
      "predicted": "q",
      "count": 1
    },
    {
      "true": "i",
      "predicted": "n",
      "count": 1
    },
    {
      "true": "j",
      "predicted": "s",
      "count": 1
    },
    {
      "true": "m",
      "predicted": "g",
      "count": 1
    },
    {
      "true": "m",
      "predicted": "y",
      "count": 1
    },
    {
      "true": "n",
      "predicted": "m",
      "count": 1
    },
    {
      "true": "o",
      "predicted": "m",
      "count": 1
    },
    {
      "true": "s",
      "predicted": "a",
      "count": 1
    },
    {
      "true": "s",
      "predicted": "o",
      "count": 1
    },
    {
      "true": "s",
      "predicted": "q",
      "count": 1
    },
    {
      "true": "s",
      "predicted": "0",
      "count": 1
    },
    {
      "true": "t",
      "predicted": "s",
      "count": 1
    }
  ],